id,lang,login,rank,url
5150898,Shell,shoober420,,https://github.com/shoober420
192836,Shell,palonza,,https://github.com/palonza
1610857,JavaScript,lykmapipo,,https://github.com/lykmapipo
5116791,JavaScript,karmaniverous,,https://github.com/karmaniverous
6370415,JavaScript,waltereidi,,https://github.com/waltereidi
8597716,Java,pdigennaro,,https://github.com/pdigennaro
1914602,Swift,andriybashta,,https://github.com/andriybashta
7487008,Python,MiderWong,,https://github.com/MiderWong
1372744,JavaScript,gonzalomelov,,https://github.com/gonzalomelov
45243,Pascal,linces,,https://github.com/linces
11300913,Java,itllsendamsg,,https://github.com/itllsendamsg
9353032,Python,njavet,,https://github.com/njavet
13264138,Java,gapolli,,https://github.com/gapolli
17468729,Python,raki77,,https://github.com/raki77
18186995,JavaScript,IDouble,,https://github.com/IDouble
17948260,TypeScript,shahradelahi,,https://github.com/shahradelahi
15926245,JavaScript,6hislain,,https://github.com/6hislain
17002294,Python,bjtu-lucas-nlp,,https://github.com/bjtu-lucas-nlp
25071778,JavaScript,dr-montasir,,https://github.com/dr-montasir
25102658,JavaScript,shiqingyun1024,,https://github.com/shiqingyun1024
29617555,Dart,egoan82,,https://github.com/egoan82
31433211,Go,Kwynto,,https://github.com/Kwynto
32898667,Python,growingupfirst,,https://github.com/growingupfirst
38547278,TypeScript,bambi-bf,,https://github.com/bambi-bf
41774690,Java,ChangWan723,,https://github.com/ChangWan723
43516554,HTML,standardgalactic,,https://github.com/standardgalactic
44710607,Dart,instrik,,https://github.com/instrik
46305887,JavaScript,IrinaAlekseyeva,,https://github.com/IrinaAlekseyeva
43846328,Python,wahabk,,https://github.com/wahabk
52540515,Java,Maks00071,,https://github.com/Maks00071
55224162,HTML,shantunparmar,,https://github.com/shantunparmar
58544929,Python,niklashenning,,https://github.com/niklashenning
61333980,JavaScript,sblevins-dev,,https://github.com/sblevins-dev
61840161,None,socioengineer,,https://github.com/socioengineer
63873131,Python,ablanco1950,,https://github.com/ablanco1950
63056375,JavaScript,Bluecode77732,,https://github.com/Bluecode77732
68500902,Java,Nigel-Moes,,https://github.com/Nigel-Moes
68489612,HTML,AlizayAyesha,,https://github.com/AlizayAyesha
40583214,JavaScript,spatulatom,,https://github.com/spatulatom
68729505,PHP,theashishgavade,,https://github.com/theashishgavade
70461958,JavaScript,MrPowerUp82,,https://github.com/MrPowerUp82
72663882,TypeScript,JohnMwendwa,,https://github.com/JohnMwendwa
74541493,JavaScript,MARiam-2002,,https://github.com/MARiam-2002
75214035,PHP,ramazancetinkaya,,https://github.com/ramazancetinkaya
74726406,Java,Errahum,,https://github.com/Errahum
74757623,Python,shreyasc60,,https://github.com/shreyasc60
73997362,JavaScript,gabrielyiu,,https://github.com/gabrielyiu
76620562,Python,Abhrankan-Chakrabarti,,https://github.com/Abhrankan-Chakrabarti
74817462,Python,bbnss,,https://github.com/bbnss
85540701,JavaScript,jesar-enl,,https://github.com/jesar-enl
82085007,Python,elahehsb,,https://github.com/elahehsb
85877218,Python,1Elaigwu,,https://github.com/1Elaigwu
88097504,Python,Mudhya19,,https://github.com/Mudhya19
79191341,JavaScript,mehmetbacik,,https://github.com/mehmetbacik
88720549,PHP,piedro404,,https://github.com/piedro404
88751712,JavaScript,EndermanPC,,https://github.com/EndermanPC
91423964,JavaScript,supratim531,,https://github.com/supratim531
93117440,Lua,x3ric,,https://github.com/x3ric
88520977,Python,wendellast,,https://github.com/wendellast
94183711,JavaScript,AbhaySemwal,,https://github.com/AbhaySemwal
94645876,Python,Gruffyy,,https://github.com/Gruffyy
96422751,HTML,oliviawilson2003,,https://github.com/oliviawilson2003
98163141,None,missAnneThorpe,,https://github.com/missAnneThorpe
97250816,Shell,cumsoft,,https://github.com/cumsoft
95856749,Python,george0st,,https://github.com/george0st
98503573,JavaScript,tail-s,,https://github.com/tail-s
97577022,Java,minu0508,,https://github.com/minu0508
102336554,Python,tkdevops-commit,,https://github.com/tkdevops-commit
98690898,Java,Kerem1989,,https://github.com/Kerem1989
102667323,Vue,VitorCarvalho67,,https://github.com/VitorCarvalho67
104387283,Python,JCSIVO,,https://github.com/JCSIVO
103993831,Python,LanaRemenyuk,,https://github.com/LanaRemenyuk
107291995,Python,shahnozahaydarova,,https://github.com/shahnozahaydarova
102779695,JavaScript,hassan-arif,,https://github.com/hassan-arif
103046625,Python,KomkovAleksey,,https://github.com/KomkovAleksey
107883820,Python,VilBRabad,,https://github.com/VilBRabad
108460956,TypeScript,Salimov-dev,,https://github.com/Salimov-dev
109150200,Jupyter Notebook,sammorozov,,https://github.com/sammorozov
108953859,Rust,devenye,,https://github.com/devenye
110767805,Python,maheera421,,https://github.com/maheera421
119977316,Python,habibaadam,,https://github.com/habibaadam
112778369,Python,sohaibssb,,https://github.com/sohaibssb
129774784,Dart,SaqlainMuhammadd,,https://github.com/SaqlainMuhammadd
121212150,Python,JKomieter,,https://github.com/JKomieter
128755697,Python,Daniel-Alvarenga,,https://github.com/Daniel-Alvarenga
114417992,Python,KrupalUpadhyay,,https://github.com/KrupalUpadhyay
134168418,Jupyter Notebook,nathalylorena,,https://github.com/nathalylorena
130049604,JavaScript,MahdiChangizi,,https://github.com/MahdiChangizi
130789571,C,otaviossousa,,https://github.com/otaviossousa
137828314,Jupyter Notebook,LukasAlbkk,,https://github.com/LukasAlbkk
160445093,JavaScript,s7evenv,,https://github.com/s7evenv
153610471,CSS,deeptesh-rout,,https://github.com/deeptesh-rout
150928706,JavaScript,renad-lab,,https://github.com/renad-lab
144806496,JavaScript,lalitpatidar-001,,https://github.com/lalitpatidar-001
171467056,None,smartcoder0310,,https://github.com/smartcoder0310
148095148,None,oskoljack,,https://github.com/oskoljack
173636054,None,bahomaid23,,https://github.com/bahomaid23
168634989,None,exorcistangel,,https://github.com/exorcistangel
157775713,Java,Viniciusggabriel,,https://github.com/Viniciusggabriel
